Algorithm,N_Vul,AvgCost,AvgTime
Brute_Force,25,73,0.775365
Greedy,25,78.7,8.01e-06
GA,25,74.3,0.156246
SA,25,75.45,0.00394649
ILP,25,73,0.00794595
