Algorithm,N_Vul,AvgCost,AvgTime
Brute_Force,15,44,0.00513415
Greedy,15,47.4,5.98e-06
GA,15,44.09,0.120941
SA,15,44.4,0.00240089
ILP,15,44,8.521e-05
