Algorithm,N_Vul,AvgCost,AvgTime
Brute_Force,10,32.7,0.00015818
Greedy,10,35,4.11e-06
GA,10,32.7,0.0817642
SA,10,32.78,0.00217186
ILP,10,32.7,1.046e-05
