Algorithm,N_Vul,AvgCost,AvgTime
Brute_Force,30,93.2,3.15664
Greedy,30,101,1.905e-05
GA,30,95.26,0.163199
SA,30,95.68,0.00257233
ILP,30,93.2,0.0547237
