Algorithm,N_Vul,AvgCost,AvgTime,AvgPatch
Brute_Force,30,87,3.03924,8
Greedy,30,105,1.09e-05,10
GA,30,94.2,0.155538,8
SA,30,93.8,0.00320854,8
ILP,30,87,0.048807,8
