Algorithm,N_Vul,AvgCost,AvgTime,AvgPatch
Brute_Force,30,156,0.181113,3
Greedy,30,162,1.06e-05,6
GA,30,162,0.152264,6
SA,30,156.6,0.00294738,3
ILP,30,156,0.0050351,3
